clade	subgenus	group	subgroup	genus	species	describer	describer_details	notes
AMC		antopocerus	villosa	Drosophila	arcuata	Hardy	1965:47:00	
AMC		antopocerus	adunca	Drosophila	adunca	Hardy	1965:44:00	
AMC		antopocerus	diamphidiopoda	Drosophila	diamphidiopoda	Hardy	1965:50:00	
AMC		antopocerus	villosa	Drosophila	entrichocnema	Hardy	1965:52:00	
AMC		antopocerus	diamphidiopoda	Drosophila	orthoptera	Hardy	1965:56:00	
AMC		antopocerus	diamphidiopoda	Drosophila	tanythrix	Hardy	1965:58:00	
AMC		antopocerus	villosa	Drosophila	villosa	Hardy	1966:01:00	
AMC		antopocerus	adunca	Drosophila	longiseta	Grimshaw	1902:08:00	
AMC		antopocerus	diamphidiopoda	Drosophila	cognata	Grimshaw	1902:09:00	
AMC		antopocerus	diamphidiopoda	Drosophila	yooni	Hardy	1978:29:00	
AMC		antopocerus	diamphidiopoda	Drosophila	kaneshiroi	Hardy	1978:29:00	
AMC		antopocerus	villosa	Drosophila	curvata	Hardy	1978:32:00	
AMC		antopocerus	villosa	Drosophila	apicalis	Hardy	1978:33:00	
AMC		antopocerus	villosa	Drosophila	stigma	Hardy	1978:34:00	
AMC		antopocerus	villosa	Drosophila	picea	Hardy	1978a: 102	
AMC		modified tarsus	spoon tarsus	Drosophila	waddingtoni	Basden	1979:05:00	
AMC		modified tarsus	spoon tarsus	Drosophila	sordidapex	Grimshaw	1902:03:00	
AMC		modified tarsus	ciliated tarsus	Drosophila	xanthosoma	Grimshaw	1902:08:00	
AMC		modified tarsus	split tarsus	Drosophila	chaetocephala	Hardy & Kaneshiro	1980:16:00	
AMC		modified tarsus	split tarsus	Drosophila	cornutitarsus	Hardy & Kaneshiro	1980:18:00	
AMC		modified tarsus	split tarsus	Drosophila	dicropeza	Hardy & Kaneshiro	1980:19:00	
AMC		modified tarsus	split tarsus	Drosophila	furcatarsus	Hardy & Kaneshiro	1980:21:00	
AMC		modified tarsus	split tarsus	Drosophila	paracracens	Hardy & Kaneshiro	1980:22:00	
AMC		modified tarsus	split tarsus	Drosophila	paucitarsus	Hardy & Kaneshiro	1980:23:00	
AMC		modified tarsus	split tarsus	Drosophila	systenopeza	Hardy & Kaneshiro	1980:25:00	
AMC		modified tarsus	split tarsus	Drosophila	forficata	Hardy, & Kaneshiro	1980:20:00	
AMC		modified tarsus	split tarsus	Drosophila	ancyla	Hardy	1967:25:00	
AMC		modified tarsus	bristle tarsus	Drosophila	apicisetae	Hardy	1967:32:00	
AMC		modified tarsus	bristle tarsus	Drosophila	apodasta	Hardy	1967:34:00	
AMC		modified tarsus	split tarsus	Drosophila	attenuata	Hardy	1967:45:00	
AMC		modified tarsus	bristle tarsus	Drosophila	basimacula	Hardy	1967:50:00	
AMC		modified tarsus	split tarsus	Drosophila	basisetosa	Hardy	1967:53:00	
AMC		modified tarsus	bristle tarsus	Drosophila	bicondyla	Hardy	1967:56:00	
AMC		modified tarsus	bristle tarsus	Drosophila	brevitarsus	Hardy	1968:08:00	
AMC		modified tarsus	ciliated tarsus	Drosophila	brunneifrons	Hardy	1968:11:00	
AMC		modified tarsus	bristle tarsus	Drosophila	brunneisetae	Hardy	1968:13:00	
AMC		modified tarsus	ciliated tarsus	Drosophila	caccabata	Hardy	1968:16:00	
AMC		modified tarsus	split tarsus	Drosophila	capitata	Hardy	1968:22:00	
AMC		modified tarsus	ciliated tarsus	Drosophila	carnosa	Hardy	1968:24:00	
AMC		modified tarsus	split tarsus	Drosophila	clavata	Hardy	1968:31:00	
AMC		modified tarsus	ciliated tarsus	Drosophila	clavitibia	Hardy	1968:33:00	
AMC		modified tarsus	split tarsus	Drosophila	cnecopleura	Hardy	1968:36:00	
AMC		modified tarsus	spoon tarsus	Drosophila	conformis	Hardy	1968:39:00	
AMC		modified tarsus	spoon tarsus	Drosophila	contorta	Hardy	1968:46:00	
AMC		modified tarsus	split tarsus	Drosophila	cracens	Hardy	1968:47:00	
AMC		modified tarsus	spoon tarsus	Drosophila	dasycnemia	Hardy	1968:56:00	
AMC		modified tarsus	ciliated tarsus	Drosophila	diffusa	Hardy	1969:02:00	
AMC		modified tarsus	split tarsus	Drosophila	dorsigera	Hardy	1969:14:00	
AMC		modified tarsus	ciliated tarsus	Drosophila	dorsociliata	Hardy	1969:16:00	
AMC		modified tarsus	ciliated tarsus	Drosophila	dumalis	Hardy	1969:20:00	
AMC		modified tarsus	split tarsus	Drosophila	enoplotarsus	Hardy	1969:22:00	
AMC		modified tarsus	bristle tarsus	Drosophila	expansa	Hardy	1969:28:00	
AMC		modified tarsus	spoon tarsus	Drosophila	fastigata	Hardy	1969:31:00	
AMC		modified tarsus	split tarsus	Drosophila	fundita	Hardy	1969:39:00	
AMC		modified tarsus	ciliated tarsus	Drosophila	fusticula	Hardy	1969:52:00	
AMC		modified tarsus	ciliated tarsus	Drosophila	gilvilateralis	Hardy	1969:54:00	
AMC		modified tarsus	ciliated tarsus	Drosophila	imparisetae	Hardy	1970:15:00	
AMC		modified tarsus	spoon tarsus	Drosophila	incognita	Hardy	1970:19:00	
AMC		modified tarsus	ciliated tarsus	Drosophila	kraussi	Hardy	1970:36:00	
AMC		modified tarsus	ciliated tarsus	Drosophila	latigena	Hardy	1970:42:00	
AMC		modified tarsus	bristle tarsus	Drosophila	lemniscata	Hardy	1970:43:00	
AMC		modified tarsus	ciliated tarsus	Drosophila	melanopedis	Hardy	1971:02:00	
AMC		modified tarsus	spoon tarsus	Drosophila	mimiconformis	Hardy	1971:07:00	
AMC		modified tarsus	spoon tarsus	Drosophila	neutralis	Hardy	1971:23:00	
AMC		modified tarsus	ciliated tarsus	Drosophila	nigritarsus	Hardy	1971:30:00	
AMC		modified tarsus	ciliated tarsus	Drosophila	orestes	Hardy	1971:40:00	
AMC		modified tarsus	ciliated tarsus	Drosophila	paucula	Hardy	1971:45:00	
AMC		modified tarsus	split tarsus	Drosophila	pectinitarsus	Hardy	1971:47:00	
AMC		modified tarsus	spoon tarsus	Drosophila	percnosoma	Hardy	1971:50:00	
AMC		modified tarsus	bristle tarsus	Drosophila	perissopoda	Hardy	1971:52:00	
AMC		modified tarsus	split tarsus	Drosophila	proceriseta	Hardy	1972:05:00	
AMC		modified tarsus	bristle tarsus	Drosophila	prodita	Hardy	1972:07:00	
AMC		modified tarsus	split tarsus	Drosophila	propiofacies	Hardy	1972:14:00	
AMC		modified tarsus	bristle tarsus	Drosophila	quasiexpansa	Hardy	1972:24:00	
AMC		modified tarsus	bristle tarsus	Drosophila	redunca	Hardy	1972:26:00	
AMC		modified tarsus	bristle tarsus	Drosophila	seclusa	Hardy	1972:38:00	
AMC		modified tarsus	ciliated tarsus	Drosophila	setipalpus	Hardy	1972:46:00	
AMC		modified tarsus	bristle tarsus	Drosophila	spicula	Hardy	1972:52:00	
AMC		modified tarsus	bristle tarsus	Drosophila	torula	Hardy	1973:04:00	
AMC		modified tarsus	bristle tarsus	Drosophila	trichaetosa	Hardy	1973:09:00	
AMC		modified tarsus	bristle tarsus	Drosophila	unicula	Hardy	1973:15:00	
AMC		modified tarsus	split tarsus	Drosophila	variabilis	Hardy	1973:17:00	
AMC		modified tarsus	ciliated tarsus	Drosophila	williamsi	Hardy	1973:32:00	
AMC		modified tarsus	ciliated tarsus	Drosophila	xanthognoma	Hardy	1973:33:00	
AMC		modified tarsus	bristle tarsus	Drosophila	petalopeza	Hardy	1973:52:00	
AMC		modified tarsus	spoon tarsus	Drosophila	atroscutellata	Hardy	1969:20:00	
AMC		modified tarsus	Unplaced modified-tarsus species	Drosophila	gubleri	Hardy	1969:28:00	
AMC		modified tarsus	split tarsus	Drosophila	kokeensis	Hardy	1969:32:00	
AMC		modified tarsus	split tarsus	Drosophila	spiethi	Hardy	1969:37:00	
AMC		modified tarsus	ciliated tarsus	Drosophila	medialis	Hardy	1970:04:00	
AMC		modified tarsus	spoon tarsus	Drosophila	kikalaeleele	Lapoint, Magnacca & O’Grady	2010:01:00	
Picture wing clade		adiastola	truncipenna	Drosophila	varipennis	Grimshaw	1901:54:00	
Picture wing clade		adiastola	adiastola	Drosophila	clavisetae	Hardy	1969:39:00	
Picture wing clade		adiastola	adiastola	Drosophila	cilifera	Hardy & Kaneshiro	1971:57:00	
Picture wing clade		adiastola	adiastola	Drosophila	ochrobasis	Hardy & Kaneshiro	1972:00:00	
Picture wing clade		adiastola	adiastola	Drosophila	setosimentum	Hardy & Kaneshiro	1972:01:00	
Picture wing clade		adiastola	truncipenna	Drosophila	hamifera	Hardy & Kaneshiro	1972:14:00	
Picture wing clade		adiastola	adiastola	Drosophila	neogrimshawi	Hardy & Kaneshiro	1972:21:00	
Picture wing clade		adiastola	adiastola	Drosophila	ornata	Hardy & Kaneshiro	1969:49:00	
Picture wing clade		adiastola	truncipenna	Drosophila	paenehamifera	Hardy & Kaneshiro	1969:50:00	
Picture wing clade		adiastola	adiastola	Drosophila	touchardiae	Hardy & Kaneshiro	1974:39:00	
Picture wing clade		adiastola	adiastola	Drosophila	adiastola	Hardy	1967:14:00	
Picture wing clade		adiastola	adiastola	Drosophila	peniculipedis	Hardy	1971:48:00	
Picture wing clade		adiastola	adiastola	Drosophila	spectabilis	Hardy	1972:50:00	
Picture wing clade		adiastola	truncipenna	Drosophila	truncipenna	Hardy	1973:11:00	
Picture wing clade		adiastola	adiastola	Drosophila	neoclavisetae	Perreira & Kaneshiro	1991:21:00	
Picture wing clade		adiastola	adiastola	Drosophila	toxochaeta	Perreira & Kaneshiro	1991:24:00	
Picture wing clade		anomalipes		Drosophila	anomalipes	Grimshaw	1902:02:00	
Picture wing clade		anomalipes		Drosophila	quasianomalipes	Hardy	1972:22:00	
Picture wing clade		ateledrosophila		Drosophila	diamphidia	Hardy	1966:03:00	
Picture wing clade		ateledrosophila		Drosophila	preapicula	Hardy	1966:04:00	
Picture wing clade		ateledrosophila		Drosophila	papala	Magnacca & O’Grady	2008a: 403	
Picture wing clade		grimshawi	punalua	Drosophila	punalua	Bryan	1941:18:00	
Picture wing clade		grimshawi	conspicua	Drosophila	conspicua	Grimshaw	1901:59:00	
Picture wing clade		grimshawi	hawaiiensis	Drosophila	hawaiiensis	Grimshaw	1902:00:00	
Picture wing clade		grimshawi	Unplaced grimshawi species	Drosophila	lanaiensis	Grimshaw	1902:00:00	
Picture wing clade		grimshawi	orphnopeza	Drosophila	ochracea	Grimshaw	1902:01:00	
Picture wing clade		grimshawi	pilimana	Drosophila	pilimana	Grimshaw	1902:01:00	
Picture wing clade		grimshawi	punalua	Drosophila	paucipuncta	Grimshaw	1902:02:00	
Picture wing clade		grimshawi	crucigera	Drosophila	crucigera	Grimshaw	1902:26:00	
Picture wing clade		grimshawi	punalua	Drosophila	basisetae	Hardy & Kaneshiro	1970:58:00	
Picture wing clade		grimshawi	vesciseta	Drosophila	digressa	Hardy & Kaneshiro	1971:00:00	
Picture wing clade		grimshawi	pilimana	Drosophila	discreta	Hardy & Kaneshiro	1971:02:00	
Picture wing clade		grimshawi	hawaiiensis	Drosophila	flexipes	Hardy & Kaneshiro	1971:06:00	
Picture wing clade		grimshawi	pilimana	Drosophila	glabriapex	Hardy & Kaneshiro	1971:08:00	
Picture wing clade		grimshawi	hawaiiensis	Drosophila	gradata	Hardy & Kaneshiro	1971:11:00	
Picture wing clade		grimshawi	hawaiiensis	Drosophila	hirtipalpus	Hardy & Kaneshiro	1971:12:00	
Picture wing clade		grimshawi	orphnopeza	Drosophila	limitata	Hardy & Kaneshiro	1971:14:00	
Picture wing clade		grimshawi	pilimana	Drosophila	lineosetae	Hardy & Kaneshiro	1971:17:00	
Picture wing clade		grimshawi	conspicua	Drosophila	liophallus	Hardy & Kaneshiro	1971:19:00	
Picture wing clade		grimshawi	conspicua	Drosophila	macrothrix	Hardy & Kaneshiro	1971:20:00	
Picture wing clade		grimshawi	conspicua	Drosophila	odontophallus	Hardy & Kaneshiro	1971:22:00	
Picture wing clade		grimshawi	orphnopeza	Drosophila	orphnopeza	Hardy & Kaneshiro	1971:25:00	
Picture wing clade		grimshawi	orphnopeza	Drosophila	orthofascia	Hardy & Kaneshiro	1971:26:00	
Picture wing clade		grimshawi	Unplaced grimshawi species	Drosophila	pilatisetae	Hardy & Kaneshiro	1971:29:00	
Picture wing clade		grimshawi	punalua	Drosophila	prostopalpis	Hardy & Kaneshiro	1971:30:00	
Picture wing clade		grimshawi	hawaiiensis	Drosophila	recticilia	Hardy & Kaneshiro	1971:32:00	
Picture wing clade		grimshawi	orphnopeza	Drosophila	sejuncta	Hardy & Kaneshiro	1971:35:00	
Picture wing clade		grimshawi	hawaiiensis	Drosophila	silvarentis	Hardy & Kaneshiro	1971:39:00	
Picture wing clade		grimshawi	orphnopeza	Drosophila	sodomae	Hardy & Kaneshiro	1971:41:00	
Picture wing clade		grimshawi	conspicua	Drosophila	spaniothrix	Hardy & Kaneshiro	1971:43:00	
Picture wing clade		grimshawi	orphnopeza	Drosophila	sproati	Hardy & Kaneshiro	1971:45:00	
Picture wing clade		grimshawi	punalua	Drosophila	uniseriata	Hardy & Kaneshiro	1971:49:00	
Picture wing clade		grimshawi	vesciseta	Drosophila	vesciseta	Hardy & Kaneshiro	1971:51:00	
Picture wing clade		grimshawi	vesciseta	Drosophila	virgulata	Hardy & Kaneshiro	1971:54:00	
Picture wing clade		grimshawi	vesciseta	Drosophila	assita	Hardy & Kaneshiro	1969:39:00	
Picture wing clade		grimshawi	orphnopeza	Drosophila	claytonae	Hardy & Kaneshiro	1969:41:00	
Picture wing clade		grimshawi	orphnopeza	Drosophila	murphyi	Hardy & Kaneshiro	1969:46:00	
Picture wing clade		grimshawi	punalua	Drosophila	ocellata	Hardy & Kaneshiro	1969:47:00	
Picture wing clade		grimshawi	hawaiiensis	Drosophila	turbata	Hardy & Kaneshiro	1969:52:00	
Picture wing clade		grimshawi	distinguenda	Drosophila	divaricata	Hardy & Kaneshiro	1973:31:00	
Picture wing clade		grimshawi	hawaiiensis	Drosophila	gymnobasis	Hardy & Kaneshiro	1973:33:00	
Picture wing clade		grimshawi	hawaiiensis	Drosophila	heedi	Hardy & Kaneshiro	1973:35:00	
Picture wing clade		grimshawi	conspicua	Drosophila	psilophallus	Hardy & Kaneshiro	1973:37:00	
Picture wing clade		grimshawi	orphnopeza	Drosophila	atrimentum	Hardy & Kaneshiro	1973:38:00	
Picture wing clade		grimshawi	orphnopeza	Drosophila	sobrina	Hardy & Kaneshiro	1973:39:00	
Picture wing clade		grimshawi	punalua	Drosophila	paucicilia	Hardy & Kaneshiro	1973:43:00	
Picture wing clade		grimshawi	vesciseta	Drosophila	alsophila	Hardy & Kaneshiro	1973:45:00	
Picture wing clade		grimshawi	Unplaced grimshawi species	Drosophila	ambochila	Hardy & Kaneshiro	1973:46:00	
Picture wing clade		grimshawi	vesciseta	Drosophila	montgomeryi	Hardy & Kaneshiro	1973:47:00	
Picture wing clade		grimshawi	Unplaced grimshawi species	Drosophila	pisonia	Hardy & Kaneshiro	1973:48:00	
Picture wing clade		grimshawi	hawaiiensis	Drosophila	formella	Hardy & Kaneshiro	1974:35:00	
Picture wing clade		grimshawi	orphnopeza	Drosophila	obtatai	Hardy & Kaneshiro	1974:36:00	
Picture wing clade		grimshawi	crucigera	Drosophila	pullipes	Hardy & Kaneshiro	1974:37:00	
Picture wing clade		grimshawi	orphnopeza	Drosophila	reynoldsiae	Hardy & Kaneshiro	1974:38:00	
Picture wing clade		grimshawi	conspicua	Drosophila	gymnophallus	Hardy & Kaneshiro	1975b: 58	
Picture wing clade		grimshawi	hawaiiensis	Drosophila	lasiopoda	Hardy & Kaneshiro	1975b: 58	
Picture wing clade		grimshawi	vesciseta	Drosophila	micromyia	Hardy & Kaneshiro	1975b: 60	
Picture wing clade		grimshawi	hawaiiensis	Drosophila	psilotarsalis	Hardy & Kaneshiro	1975b: 62	
Picture wing clade		grimshawi	conspicua	Drosophila	aglaia	Hardy	1967:20:00	
Picture wing clade		grimshawi	crucigera	Drosophila	balioptera	Hardy	1967:48:00	
Picture wing clade		grimshawi	crucigera	Drosophila	bostrycha	Hardy	1968:02:00	
Picture wing clade		grimshawi	orphnopeza	Drosophila	ciliaticrus	Hardy	1968:27:00	
Picture wing clade		grimshawi	crucigera	Drosophila	disjuncta	Hardy	1969:05:00	
Picture wing clade		grimshawi	distinguenda	Drosophila	distinguenda	Hardy	1969:12:00	
Picture wing clade		grimshawi	orphnopeza	Drosophila	engyochracea	Hardy	1969:21:00	
Picture wing clade		grimshawi	pilimana	Drosophila	fasciculisetae	Hardy	1969:29:00	
Picture wing clade		grimshawi	vesciseta	Drosophila	hexachaetae	Hardy	1970:00:00	
Picture wing clade		grimshawi	distinguenda	Drosophila	inedita	Hardy	1970:22:00	
Picture wing clade		grimshawi	hawaiiensis	Drosophila	musaphilia	Hardy	1971:15:00	
Picture wing clade		grimshawi	Unplaced grimshawi species	Drosophila	oreas	Hardy	1971:40:00	
Picture wing clade		grimshawi	punalua	Drosophila	prolaticilia	Hardy	1972:09:00	
Picture wing clade		grimshawi	conspicua	Drosophila	tarphytrichia	Hardy	1972:59:00	
Picture wing clade		grimshawi	hawaiiensis	Drosophila	villitibia	Hardy	1973:26:00	
Picture wing clade		grimshawi	orphnopeza	Drosophila	villosipedis	Hardy	1973:28:00	
Picture wing clade		grimshawi	crucigera	Drosophila	affinisdisjuncta	Hardy	1978b: 350	
Picture wing clade		grimshawi	crucigera	Drosophila	craddockae	Kaneshiro & Kambysellis	2002:29:00	
Picture wing clade		grimshawi	crucigera	Drosophila	grimshawi	Oldenberg	1914:23:00	
Picture wing clade		grimshawi	orphnopeza	Drosophila	mulli	Perreira & Kaneshiro	1991:19:00	
Picture wing clade		haleakalae	cilifemorata	Drosophila	iki	Bryan	1941:19:00	
Picture wing clade		haleakalae	cilifemorata	Drosophila	nigra	Grimshaw	1902:02:00	
Picture wing clade		haleakalae	unplaced haleakalae species	Drosophila	flaviceps	Grimshaw	1902:03:00	nomen dubium
Picture wing clade		haleakalae	haleakalae	Drosophila	haleakalae	Grimshaw	1902:04:00	
Picture wing clade		haleakalae	scitula	Drosophila	melanosoma	Grimshaw	1902:08:00	
Picture wing clade		haleakalae	polita	Drosophila	polita	Grimshaw	1902:11:00	
Picture wing clade		haleakalae	cilifemorata	Drosophila	inciliata	Hardy & Kaneshiro	1972:11:00	
Picture wing clade		haleakalae	anthrax	Drosophila	fascigera	Hardy & Kaneshiro, in Hardy etal.	2001:12:00	
Picture wing clade		haleakalae	anthrax	Drosophila	hemianthrax	Hardy & Kaneshiro, in Hardy etal.	2001:15:00	
Picture wing clade		haleakalae	anthrax	Drosophila	multiciliata	Hardy & Kaneshiro, in Hardy etal.	2001:18:00	
Picture wing clade		haleakalae	cilifemorata	Drosophila	tanytarsis	Hardy & Kaneshiro, in Hardy etal.	2001:30:00	
Picture wing clade		haleakalae	cilifemorata	Drosophila	chicae	Hardy & Kaneshiro, in Hardy etal.	2001:42:00	
Picture wing clade		haleakalae	cilifemorata	Drosophila	curtitarsis	Hardy & Kaneshiro, in Hardy etal.	2001:44:00	
Picture wing clade		haleakalae	haleakalae	Drosophila	atrifacies	Hardy & Kaneshiro, in Hardy etal.	2001:47:00	
Picture wing clade		haleakalae	haleakalae	Drosophila	brunneicrus	Hardy & Kaneshiro, in Hardy etal.	2001:48:00	
Picture wing clade		haleakalae	haleakalae	Drosophila	ochropleura	Hardy & Kaneshiro, in Hardy etal.	2001:49:00	
Picture wing clade		haleakalae	haleakalae	Drosophila	clara	Hardy & Kaneshiro, in Hardy etal.	2001:53:00	
Picture wing clade		haleakalae	haleakalae	Drosophila	cryptica	Hardy & Kaneshiro, in Hardy etal.	2001:55:00	
Picture wing clade		haleakalae	luteola	Drosophila	quinqueramosa	Hardy & Kaneshiro, in Hardy etal.	2002:01:00	
Picture wing clade		haleakalae	polita	Drosophila	dives	Hardy & Kaneshiro, in Hardy etal.	2002:07:00	
Picture wing clade		haleakalae	polita	Drosophila	lissodora	Hardy & Kaneshiro, in Hardy etal.	2002:09:00	
Picture wing clade		haleakalae	polita	Drosophila	paraanthrax	Hardy & Kaneshiro, in Hardy etal.	2002:12:00	
Picture wing clade		haleakalae	scitula	Drosophila	fulgida	Hardy & Kaneshiro, in Hardy etal.	2002:17:00	
Picture wing clade		haleakalae	scitula	Drosophila	setositibia	Hardy & Kaneshiro, in Hardy etal.	2002:23:00	
Picture wing clade		haleakalae	scitula	Drosophila	subopaca	Hardy & Kaneshiro, in Hardy etal.	2002:25:00	
Picture wing clade		haleakalae	anthrax	Drosophila	anthrax	Hardy	1967:28:00	
Picture wing clade		haleakalae	polita	Drosophila	bipolita	Hardy	1967:57:00	
Picture wing clade		haleakalae	polita	Drosophila	canipolita	Hardy	1968:18:00	
Picture wing clade		haleakalae	cilifemorata	Drosophila	cilifemorata	Hardy	1968:29:00	
Picture wing clade		haleakalae	anthrax	Drosophila	demipolita	Hardy	1968:59:00	; Hardy, 1966: 205
Picture wing clade		haleakalae	cilifemorata	Drosophila	denotata	Hardy	1969:01:00	
Picture wing clade		haleakalae	polita	Drosophila	flavisternum	Hardy	1969:35:00	
Picture wing clade		haleakalae	anthrax	Drosophila	fuscifrons	Hardy	1969:47:00	
Picture wing clade		haleakalae	luteola	Drosophila	fuscoapex	Hardy	1969:51:00	
Picture wing clade		haleakalae	polita	Drosophila	illusiopolita	Hardy	1970:11:00	
Picture wing clade		haleakalae	cilifemorata	Drosophila	insignita	Hardy	1970:26:00	
Picture wing clade		haleakalae	luteola	Drosophila	luteola	Hardy	1970:47:00	
Picture wing clade		haleakalae	haleakalae	Drosophila	macrochaetae	Hardy	1970:48:00	
Picture wing clade		haleakalae	polita	Drosophila	mecocnemia	Hardy	1970:54:00	
Picture wing clade		haleakalae	anthrax	Drosophila	melanoloma	Hardy	1971:00:00	
Picture wing clade		haleakalae	haleakalae	Drosophila	nigella	Hardy	1971:25:00	
Picture wing clade		haleakalae	anthrax	Drosophila	nigropolita	Hardy	1971:34:00	
Picture wing clade		haleakalae	polita	Drosophila	pretiosa	Hardy	1972:03:00	
Picture wing clade		haleakalae	anthrax	Drosophila	retrusa	Hardy	1972:30:00	
Picture wing clade		haleakalae	cilifemorata	Drosophila	sabroskyi	Hardy	1972:33:00	
Picture wing clade		haleakalae	anthrax	Drosophila	seorsa	Hardy	1972:41:00	
Picture wing clade		haleakalae	cilifemorata	Drosophila	stenoptera	Hardy	1972:53:00	
Picture wing clade		haleakalae	cilifemorata	Drosophila	swezeyi	Hardy	1972:54:00	
Picture wing clade		haleakalae	luteola	Drosophila	tamashiroi	Hardy	1972:57:00	
Picture wing clade		haleakalae	cilifemorata	Drosophila	venusta	Hardy	1973:22:00	
Picture wing clade		haleakalae	cilifemorata	Drosophila	dolichotarsis	Hardy	1969:26:00	
Picture wing clade		haleakalae	scitula	Drosophila	scitula	Hardy	1969:33:00	
Picture wing clade		haleakalae	haleakalae	Drosophila	fungiperda	Hardy	1970:04:00	
Picture wing clade		haleakalae	cilifemorata	Drosophila	longiperda	Kambysellis	2000:05:00	
Picture wing clade		modified mouthpart	semifuscata	Drosophila	z-notata	Bryan	1941:17:00	
Picture wing clade		modified mouthpart	fuscoamoeba	Drosophila	fuscoamoeba	Bryan	1941:18:00	
Picture wing clade		modified mouthpart	mimica	Drosophila	kauluai	Bryan	1941:19:00	
Picture wing clade		modified mouthpart	scolostoma	Drosophila	deltaneuron	Bryan	1938:40:00	
Picture wing clade		modified mouthpart	semifuscata	Drosophila	sadleria	Bryan	1938:41:00	
Picture wing clade		modified mouthpart	mimica	Drosophila	infuscata	Grimshaw	1902:03:00	
Picture wing clade		modified mouthpart	ceratostoma	Drosophila	humeralis	Grimshaw	1902:04:00	
Picture wing clade		modified mouthpart	setiger	Drosophila	setiger	Grimshaw	1902:04:00	
Picture wing clade		modified mouthpart	semifuscata	Drosophila	olaae	Grimshaw	1902:06:00	
Picture wing clade		modified mouthpart	semifuscata	Drosophila	acanthostoma	Hardy & Kaneshiro	1972:04:00	
Picture wing clade		modified mouthpart	semifuscata	Drosophila	anoplostoma	Hardy & Kaneshiro	1972:10:00	
Picture wing clade		modified mouthpart	mitchelli	Drosophila	hystricosa	Hardy & Kaneshiro	1969:42:00	
Picture wing clade		modified mouthpart	mimica	Drosophila	kambysellisi	Hardy & Kaneshiro	1969:44:00	
Picture wing clade		modified mouthpart	hirtitarsus	Drosophila	goureaui	Hardy & Kaneshiro	1974:41:00	
Picture wing clade		modified mouthpart	mimica	Drosophila	reschae	Hardy & Kaneshiro	1975b: 63	
Picture wing clade		modified mouthpart	dissita	Drosophila	artigena	Hardy	1967:41:00	
Picture wing clade		modified mouthpart	ceratostoma	Drosophila	ceratostoma	Hardy	1968:23:00	
Picture wing clade		modified mouthpart	fuscoamoeba	Drosophila	agitona	Hardy	1967:18:00	
Picture wing clade		modified mouthpart	nanella	Drosophila	albifacies	Hardy	1967:21:00	
Picture wing clade		modified mouthpart	dissita	Drosophila	amydrospilota	Hardy	1967:23:00	
Picture wing clade		modified mouthpart	semifuscata	Drosophila	apicipuncta	Hardy	1967:30:00	
Picture wing clade		modified mouthpart	fuscoamoeba	Drosophila	aquila	Hardy	1967:38:00	
Picture wing clade		modified mouthpart	fuscoamoeba	Drosophila	araiotricha	Hardy	1967:39:00	
Picture wing clade		modified mouthpart	freycinetiae	Drosophila	asketostoma	Hardy	1967:43:00	
Picture wing clade		modified mouthpart	mimica	Drosophila	badia	Hardy	1967:46:00	
Picture wing clade		modified mouthpart	dissita	Drosophila	beardsleyi	Hardy	1967:54:00	
Picture wing clade		modified mouthpart	mitchelli	Drosophila	biseriata	Hardy	1967:59:00	
Picture wing clade		modified mouthpart	fuscoamoeba	Drosophila	brevicilia	Hardy	1968:05:00	
Picture wing clade		modified mouthpart	dissita	Drosophila	brevissima	Hardy	1968:06:00	
Picture wing clade		modified mouthpart	semifuscata	Drosophila	bridwelli	Hardy	1968:09:00	
Picture wing clade		modified mouthpart	mimica	Drosophila	chaetopeza	Hardy	1968:26:00	
Picture wing clade		modified mouthpart	fuscoamoeba	Drosophila	clydonia	Hardy	1968:34:00	
Picture wing clade		modified mouthpart	freycinetiae	Drosophila	comatifemora	Hardy	1968:38:00	
Picture wing clade		modified mouthpart	mimica	Drosophila	conjectura	Hardy	1968:43:00	
Picture wing clade		modified mouthpart	nanella	Drosophila	curticilia	Hardy	1968:52:00	
Picture wing clade		modified mouthpart	dissita	Drosophila	curvitibia	Hardy	1968:54:00	
Picture wing clade		modified mouthpart	semifuscata	Drosophila	diminuens	Hardy	1969:04:00	
Picture wing clade		modified mouthpart	dissita	Drosophila	dissita	Hardy	1969:08:00	
Picture wing clade		modified mouthpart	nanella	Drosophila	dolomata	Hardy	1969:13:00	
Picture wing clade		modified mouthpart	dissita	Drosophila	dracaenae	Hardy	1969:18:00	
Picture wing clade		modified mouthpart	dissita	Drosophila	eumecothrix	Hardy	1969:24:00	
Picture wing clade		modified mouthpart	setiger	Drosophila	eurypeza	Hardy	1969:26:00	
Picture wing clade		modified mouthpart	mimica	Drosophila	flavibasis	Hardy	1969:33:00	
Picture wing clade		modified mouthpart	freycinetiae	Drosophila	freycinetiae	Hardy	1969:37:00	
Picture wing clade		modified mouthpart	fuscoamoeba	Drosophila	furva	Hardy	1969:44:00	
Picture wing clade		modified mouthpart	mitchelli	Drosophila	furvifacies	Hardy	1969:45:00	
Picture wing clade		modified mouthpart	freycinetiae	Drosophila	hirticoxa	Hardy	1970:02:00	
Picture wing clade		modified mouthpart	hirtitarsus	Drosophila	hirtitarsus	Hardy	1970:04:00	
Picture wing clade		modified mouthpart	setiger	Drosophila	imitator	Hardy	1970:12:00	
Picture wing clade		modified mouthpart	mimica	Drosophila	involuta	Hardy	1970:30:00	
Picture wing clade		modified mouthpart	quadrisetae	Drosophila	ischnotrix	Hardy	1970:31:00	
Picture wing clade		modified mouthpart	dissita	Drosophila	laciniosa	Hardy	1970:37:00	
Picture wing clade		modified mouthpart	dissita	Drosophila	larifuga	Hardy	1970:40:00	
Picture wing clade		modified mouthpart	semifuscata	Drosophila	magnimacula	Hardy	1970:50:00	
Picture wing clade		modified mouthpart	scolostoma	Drosophila	mediana	Hardy	1970:56:00	
Picture wing clade		modified mouthpart	fuscoamoeba	Drosophila	megasticta	Hardy	1970:58:00	
Picture wing clade		modified mouthpart	mimica	Drosophila	mimica	Hardy	1971:05:00	
Picture wing clade		modified mouthpart	mitchelli	Drosophila	mitchelli	Hardy	1971:10:00	
Picture wing clade		modified mouthpart	nanella	Drosophila	nanella	Hardy	1971:18:00	
Picture wing clade		modified mouthpart	mitchelli	Drosophila	nigrocirrus	Hardy	1971:32:00	
Picture wing clade		modified mouthpart	dissita	Drosophila	polliciforma	Hardy	1971:59:00	
Picture wing clade		modified mouthpart	freycinetiae	Drosophila	prominens	Hardy	1972:12:00	
Picture wing clade		modified mouthpart	dissita	Drosophila	pychnochaetae	Hardy	1972:18:00	
Picture wing clade		modified mouthpart	quadrisetae	Drosophila	quadrisetae	Hardy	1972:20:00	
Picture wing clade		modified mouthpart	quadrisetae	Drosophila	residua	Hardy	1972:28:00	
Picture wing clade		modified mouthpart	scolostoma	Drosophila	scolostoma	Hardy	1972:36:00	
Picture wing clade		modified mouthpart	semifuscata	Drosophila	semifuscata	Hardy	1972:40:00	
Picture wing clade		modified mouthpart	dissita	Drosophila	taeniata	Hardy	1972:56:00	
Picture wing clade		modified mouthpart	quadrisetae	Drosophila	tendomentum	Hardy	1973:01:00	
Picture wing clade		modified mouthpart	dissita	Drosophila	velutifrons	Hardy	1973:21:00	
Picture wing clade		modified mouthpart	semifuscata	Drosophila	xuthoptera	Hardy	1973:36:00	
Picture wing clade		modified mouthpart	mimica	Drosophila	chimera	Kam & Perreira, in O’Grady etal.	2003:22:00	
Picture wing clade		modified mouthpart	mimica	Drosophila	inebria	Kam & Perreira, in O’Grady etal.	2003:25:00	
Picture wing clade		modified mouthpart	mimica	Drosophila	xenophaga	Kam & Perreira, in O’Grady etal.	2003:26:00	
Picture wing clade		modified mouthpart	mimica	Drosophila	maemae	Kam & Perreira, in O’Grady etal.	2003:31:00	
Picture wing clade		modified mouthpart	mimica	Drosophila	acanthos	Kam & Perreira, in O’Grady etal.	2003:32:00	
Picture wing clade		modified mouthpart	mimica	Drosophila	echinostoma	Kam & Perreira, in O’Grady etal.	2003:33:00	
Picture wing clade		modified mouthpart	mimica	Drosophila	antecedens	Kam & Perreira, in O’Grady etal.	2003:35:00	
Picture wing clade		modified mouthpart	mimica	Drosophila	gagne	Kam & Perreira, in O’Grady etal.	2003:35:00	
Picture wing clade		modified mouthpart	mimica	Drosophila	lobatopalpus	Kam & Perreira, in O’Grady etal.	2003:36:00	
Picture wing clade		modified mouthpart	ceratostoma	Drosophila	orascopa	Magnacca & O’Grady	2009:41:00	
Picture wing clade		modified mouthpart	ceratostoma	Drosophila	wikani	Magnacca & O’Grady	2009:42:00	
Picture wing clade		modified mouthpart	freycinetiae	Drosophila	anapuu	Magnacca & O’Grady	2009:46:00	
Picture wing clade		modified mouthpart	freycinetiae	Drosophila	dentilabia	Magnacca & O’Grady	2009:51:00	
Picture wing clade		modified mouthpart	freycinetiae	Drosophila	kualii	Magnacca & O’Grady	2009:55:00	
Picture wing clade		modified mouthpart	freycinetiae	Drosophila	nalomano	Magnacca & O’Grady	2009:57:00	
Picture wing clade		modified mouthpart	semifuscata	Drosophila	mandibulata	Magnacca & O’Grady	2010:14:00	
Picture wing clade		modified mouthpart	semifuscata	Drosophila	peloristoma	Magnacca & O’Grady	2010:17:00	
Picture wing clade		modified mouthpart	semifuscata	Drosophila	wawae	Magnacca & O’Grady	2010:22:00	
Picture wing clade		modified mouthpart	setiger	Drosophila	desallei	Magnacca & O’Grady	2010:27:00	
Picture wing clade		modified mouthpart	mimica	Drosophila	soonae	Takada & yoon	1990:57:00	
Picture wing clade		nudidrosophila	hirtitibia	Drosophila	hirtitibia	Hardy	1970:06:00	
Picture wing clade		nudidrosophila	velata	Drosophila	velata	Hardy	1973:19:00	
Picture wing clade		nudidrosophila	nudidrosophila	Drosophila	amita	Hardy	1974:25:00	
Picture wing clade		nudidrosophila	nudidrosophila	Drosophila	eximia	Hardy	1974:27:00	
Picture wing clade		nudidrosophila	nudidrosophila	Drosophila	gemmula	Hardy	1974:29:00	
Picture wing clade		nudidrosophila	nudidrosophila	Drosophila	lepidobregma	Hardy	1974:31:00	
Picture wing clade		nudidrosophila	nudidrosophila	Drosophila	aenicta	Hardy	1969:47:00	
Picture wing clade		nudidrosophila	hirtitibia	Drosophila	konaensis	Magnacca & O’Grady	2008a: 406	
Picture wing clade		nudidrosophila	hirtitibia	Drosophila	mawaena	Magnacca & O’Grady	2008a: 407	
Picture wing clade		nudidrosophila	hirtitibia	Drosophila	papaalai	Magnacca & O’Grady	2008a: 408	
Picture wing clade		nudidrosophila	kahania	Drosophila	kahania	Magnacca & O’Grady	2008a: 408	
Picture wing clade		nudidrosophila	kahania	Drosophila	longipalpus	Magnacca & O’Grady	2008a: 409	
Picture wing clade		nudidrosophila	nudidrosophila	Drosophila	canavalia	Magnacca & O’Grady	2008a: 412	
Picture wing clade		nudidrosophila	nudidrosophila	Drosophila	kualapa	Magnacca & O’Grady	2008a: 414	
Picture wing clade		nudidrosophila	nudidrosophila	Drosophila	mahui	Magnacca & O’Grady	2008a: 416	
Picture wing clade		nudidrosophila	nudidrosophila	Drosophila	malele	Magnacca & O’Grady	2008a: 417	
Picture wing clade		nudidrosophila	nudidrosophila	Drosophila	panoanoa	Magnacca & O’Grady	2008a: 418	
Picture wing clade		nudidrosophila	nudidrosophila	Drosophila	poonia	Magnacca & O’Grady	2008a: 418	
Picture wing clade		nudidrosophila	okala	Drosophila	akoko	Magnacca & O’Grady	2008a: 419	
Picture wing clade		nudidrosophila	okala	Drosophila	kuhao	Magnacca & O’Grady	2008a: 420	
Picture wing clade		nudidrosophila	okala	Drosophila	makawao	Magnacca & O’Grady	2008a: 421	
Picture wing clade		nudidrosophila	okala	Drosophila	okala	Magnacca & O’Grady	2008a: 421	
Picture wing clade		nudidrosophila	okala	Drosophila	panina	Magnacca & O’Grady	2008a: 422	
Picture wing clade		nudidrosophila	velata	Drosophila	halapepe	Magnacca & O’Grady	2008a: 423	
Picture wing clade		nudidrosophila	velata	Drosophila	kauaiensis	Magnacca & O’Grady	2008a: 424	
Picture wing clade		nudidrosophila	velata	Drosophila	lauoho	Magnacca & O’Grady	2008a: 425	
Picture wing clade		nudidrosophila	velata	Drosophila	milolii	Magnacca & O’Grady	2008a: 426	
Picture wing clade		nudidrosophila	velata	Drosophila	pohaka	Magnacca & O’Grady	2008a: 426	
Picture wing clade		planitibia	cyrtoloma	Drosophila	oahuensis	Grimshaw	1901:52:00	
Picture wing clade		planitibia	cyrtoloma	Drosophila	obscuripes	Grimshaw	1901:52:00	
Picture wing clade		planitibia	planitibia	Drosophila	hemipeza	Hardy	1974:05:00	
Picture wing clade		planitibia	cyrtoloma	Drosophila	melanocephala	Hardy	1969:42:00	
Picture wing clade		planitibia	planitibia	Drosophila	planitibia	Hardy	1969:45:00	
Picture wing clade		planitibia	planitibia	Drosophila	heteroneura	Perkins	1921:39:00	
Picture wing clade		planitibia	planitibia	Drosophila	silvestris	Perkins	1921:40:00	
Picture wing clade		planitibia	picticornis	Drosophila	picticornis	Grimshaw	1901:57:00	
Picture wing clade		planitibia	picticornis	Drosophila	setosifrons	Hardy & Kaneshiro	1971:36:00	
Picture wing clade		planitibia	cyrtoloma	Drosophila	neoperkinsi	Hardy & Kaneshiro	1972:21:00	
Picture wing clade		planitibia	neopicta	Drosophila	neopicta	Hardy & Kaneshiro	1972:21:00	
Picture wing clade		planitibia	cyrtoloma	Drosophila	ingens	Hardy & Kaneshiro	1973:42:00	
Picture wing clade		planitibia	planitibia	Drosophila	differens	Hardy & Kaneshiro	1975b: 57	
Picture wing clade		planitibia	neopicta	Drosophila	substenoptera	Hardy	1970:12:00	
Picture wing clade		planitibia	cyrtoloma	Drosophila	cyrtoloma	Hardy	1970:13:00	
Picture wing clade		planitibia	cyrtoloma	Drosophila	hanaulae	Hardy	1970:15:00	
Picture wing clade		planitibia	neopicta	Drosophila	nigribasis	Hardy	1970:16:00	
Picture wing clade		primaeva		Drosophila	sharpi	Grimshaw	1902:05:00	
Picture wing clade		primaeva		Drosophila	primaeva	Hardy & Kaneshiro	1972:18:00	
Picture wing clade		rustica		Drosophila	curiosa	Hardy & Kaneshiro, in O’Grady etal.	2005:17:00	
Picture wing clade		rustica		Drosophila	praesutilis	Hardy	1972:02:00	
Picture wing clade		rustica		Drosophila	rustica	Hardy	1972:32:00	
Picture wing clade		Unplaced modified mouthpart group species		Drosophila	acrostichalis	Hardy	1967:12:00	
Picture wing clade		Unplaced modified mouthpart group species		Drosophila	adventitia	Hardy	1967:16:00	
Picture wing clade		Unplaced modified mouthpart group species		Drosophila	tetraspilota	Hardy	1973:03:00	
Picture wing clade		Unplaced modified mouthpart group species		Drosophila	apiki	Magnacca & O’Grady	2009:16:00	
Picture wing clade		Unplaced modified mouthpart group species		Drosophila	barbata	Magnacca & O’Grady	2009:18:00	
Picture wing clade		Unplaced modified mouthpart group species		Drosophila	gladius	Magnacca & O’Grady	2009:20:00	
Picture wing clade		Unplaced modified mouthpart group species		Drosophila	incongruens	Magnacca & O’Grady	2009:22:00	
Picture wing clade		Unplaced modified mouthpart group species		Drosophila	komohana	Magnacca & O’Grady	2009:24:00	
Picture wing clade		Unplaced modified mouthpart group species		Drosophila	lelolua	Magnacca & O’Grady	2009:26:00	
Picture wing clade		Unplaced modified mouthpart group species		Drosophila	omnivora	Magnacca & O’Grady	2009:27:00	
Picture wing clade		Unplaced modified mouthpart group species		Drosophila	toxacantha	Magnacca & O’Grady	2009:31:00	
Picture wing clade		Unplaced modified mouthpart group species		Drosophila	umiumi	Magnacca & O’Grady	2009:33:00	
Picture wing clade		Unplaced modified mouthpart group species		Drosophila	wahihuna	Magnacca & O’Grady	2009:34:00	
Picture wing clade		Unplaced modified mouthpart group species		Drosophila	waikamoi	Magnacca & O’Grady	2009:34:00	
Picture wing clade		Unplaced modified mouthpart group species		Drosophila	wikstroemiae	Magnacca & O’Grady	2009:36:00	
Scaptomyza	Alloscaptomyza			Scaptomyza	longisetosa	Hackman	1959:44:00	
Scaptomyza	Alloscaptomyza			Scaptomyza	buccata	Hackman	1962:39:00	[Type of subgenus]
Scaptomyza	Alloscaptomyza			Scaptomyza	stramineifrons	Hackman	1962:40:00	
Scaptomyza	Alloscaptomyza			Scaptomyza	fuscifrons	Hackman	1962:41:00	
Scaptomyza	Alloscaptomyza			Scaptomyza	aberrans	Hardy	1974:38:00	
Scaptomyza	Alloscaptomyza			Scaptomyza	cerina	Hardy	1974:41:00	
Scaptomyza	Alloscaptomyza			Scaptomyza	mutica	Hardy	1974:45:00	
Scaptomyza	Alloscaptomyza			Scaptomyza	semiflava	Hardy	1974:47:00	
Scaptomyza	Boninoscaptomyza			Scaptomyza	hexasticha	Okada	1974:26:00	[Type of subgenus]
Scaptomyza	Bunostoma			Scaptomyza	varifrons	Grimshaw	1902:11:00	
Scaptomyza	Bunostoma			Scaptomyza	philipensis	Bock	1991:10:00	
Scaptomyza	Bunostoma			Scaptomyza	bryanti	Hackman	1959:48:00	
Scaptomyza	Bunostoma			Scaptomyza	anomala	Hardy	1974:51:00	
Scaptomyza	Bunostoma			Scaptomyza	cnecosoma	Hardy	1974:54:00	
Scaptomyza	Bunostoma			Scaptomyza	confusa	Hardy	1974:57:00	
Scaptomyza	Bunostoma			Scaptomyza	hamata	Hardy	1974:57:00	
Scaptomyza	Bunostoma			Scaptomyza	palmae	Hardy	1974:58:00	
Scaptomyza	Bunostoma			Scaptomyza	xanthopleura	Hardy	1975:02:00	
Scaptomyza	Bunostoma			Scaptomyza	flavella	Harrison	1963:44:00	
Scaptomyza	Bunostoma			Scaptomyza	fuscitarsis	Harrison	1963:47:00	
Scaptomyza	Bunostoma			Scaptomyza	australis	Malloch	1933:18:00	
Scaptomyza	Bunostoma			Scaptomyza	bicolor	Malloch	1938:57:00	
Scaptomyza	Bunostoma			Scaptomyza	flavifacies	Malloch	1935:39:00	[Type of subgenus]
Scaptomyza	Bunostoma			Scaptomyza	boninensis	Okada	1973a: 85	
Scaptomyza	Celidosoma			Scaptomyza	intermedia	duda	1929:31:00	
Scaptomyza	Celidosoma			Scaptomyza	melancholia	duda	1929:33:00	
Scaptomyza	Celidosoma			Scaptomyza	nigrocincta	Hardy	1966:07:00	[Type of subgenus]
Scaptomyza	Celidosoma			Scaptomyza	budnikae	Brncic	1984:14:00	
Scaptomyza	Celidosoma			Scaptomyza	denticauda	Malloch	1941:29:00	[Type of subgenus]
Scaptomyza	Celidosoma			Scaptomyza	multispinosa	Malloch	1941:30:00	
Scaptomyza	Elmomyza			Scaptomyza	inaequalis	Grimshaw	1902:09:00	
Scaptomyza	Elmomyza			Scaptomyza	monticola	Grimshaw	1902:09:00	
Scaptomyza	Elmomyza			Scaptomyza	pusilla	Grimshaw	1902:10:00	
Scaptomyza	Elmomyza			Scaptomyza	obscuricornis	Grimshaw	1902:11:00	
Scaptomyza	Elmomyza			Scaptomyza	obscurifrons	Grimshaw	1902:12:00	
Scaptomyza	Elmomyza			Scaptomyza	exigua	Grimshaw	1902:12:00	[Type of subgenus]
Scaptomyza	Elmomyza			Scaptomyza	longipecten	Hackman	1959:37:00	
Scaptomyza	Elmomyza			Scaptomyza	pallifrons	Hackman	1959:38:00	
Scaptomyza	Elmomyza			Scaptomyza	hardyi	Hackman	1959:39:00	
Scaptomyza	Elmomyza			Scaptomyza	kauaiensis	Hackman	1959:40:00	
Scaptomyza	Elmomyza			Scaptomyza	acronastes	Hardy	1975:44:00	
Scaptomyza	Elmomyza			Scaptomyza	adunca	Hardy	1975:46:00	
Scaptomyza	Elmomyza			Scaptomyza	affinicuspidata	Hardy	1975:46:00	
Scaptomyza	Elmomyza			Scaptomyza	anechocerca	Hardy	1975:48:00	
Scaptomyza	Elmomyza			Scaptomyza	apicigutulla	Hardy	1975:49:00	
Scaptomyza	Elmomyza			Scaptomyza	apponopusilla	Hardy	1975:51:00	
Scaptomyza	Elmomyza			Scaptomyza	argentifrons	Hardy	1975:53:00	
Scaptomyza	Elmomyza			Scaptomyza	articulata	Hardy	1975:54:00	
Scaptomyza	Elmomyza			Scaptomyza	basiloba	Hardy	1975:55:00	
Scaptomyza	Elmomyza			Scaptomyza	bilobata	Hardy	1975:57:00	
Scaptomyza	Elmomyza			Scaptomyza	bipars	Hardy	1975:59:00	
Scaptomyza	Elmomyza			Scaptomyza	brachycerca	Hardy	1976:00:00	
Scaptomyza	Elmomyza			Scaptomyza	camptochaites	Hardy	1976:02:00	
Scaptomyza	Elmomyza			Scaptomyza	concinna	Hardy	1976:03:00	
Scaptomyza	Elmomyza			Scaptomyza	connata	Hardy	1976:05:00	
Scaptomyza	Elmomyza			Scaptomyza	cornuta	Hardy	1976:06:00	
Scaptomyza	Elmomyza			Scaptomyza	cryptoloba	Hardy	1976:08:00	
Scaptomyza	Elmomyza			Scaptomyza	ctenophora	Hardy	1976:10:00	
Scaptomyza	Elmomyza			Scaptomyza	cuspidata	Hardy	1976:11:00	
Scaptomyza	Elmomyza			Scaptomyza	cyrtandrae	Hardy	1976:13:00	
Scaptomyza	Elmomyza			Scaptomyza	decepta	Hardy	1976:15:00	
Scaptomyza	Elmomyza			Scaptomyza	dentata	Hardy	1976:16:00	
Scaptomyza	Elmomyza			Scaptomyza	devexa	Hardy	1976:17:00	
Scaptomyza	Elmomyza			Scaptomyza	diaphorocerca	Hardy	1976:19:00	
Scaptomyza	Elmomyza			Scaptomyza	domita	Hardy	1976:21:00	
Scaptomyza	Elmomyza			Scaptomyza	dubautiae	Hardy	1976:22:00	
Scaptomyza	Elmomyza			Scaptomyza	dubia	Hardy	1976:23:00	
Scaptomyza	Elmomyza			Scaptomyza	eurystylata	Hardy	1976:25:00	
Scaptomyza	Elmomyza			Scaptomyza	evexa	Hardy	1976:26:00	
Scaptomyza	Elmomyza			Scaptomyza	fastigata	Hardy	1976:30:00	
Scaptomyza	Elmomyza			Scaptomyza	hackmani	Hardy	1976:31:00	
Scaptomyza	Elmomyza			Scaptomyza	inermis	Hardy	1976:35:00	
Scaptomyza	Elmomyza			Scaptomyza	infurcula	Hardy	1976:37:00	
Scaptomyza	Elmomyza			Scaptomyza	innotabilis	Hardy	1976:38:00	
Scaptomyza	Elmomyza			Scaptomyza	intricata	Hardy	1976:40:00	
Scaptomyza	Elmomyza			Scaptomyza	isopedon	Hardy	1976:41:00	
Scaptomyza	Elmomyza			Scaptomyza	latitergum	Hardy	1976:44:00	
Scaptomyza	Elmomyza			Scaptomyza	levata	Hardy	1976:46:00	
Scaptomyza	Elmomyza			Scaptomyza	lobifera	Hardy	1976:47:00	
Scaptomyza	Elmomyza			Scaptomyza	griseonigra	Hardy	1976:50:00	
Scaptomyza	Elmomyza			Scaptomyza	mecocerca	Hardy	1976:51:00	
Scaptomyza	Elmomyza			Scaptomyza	mediana	Hardy	1976:52:00	
Scaptomyza	Elmomyza			Scaptomyza	mimula	Hardy	1976:54:00	
Scaptomyza	Elmomyza			Scaptomyza	multidenta	Hardy	1976:56:00	
Scaptomyza	Elmomyza			Scaptomyza	ochromata	Hardy	1977:00:00	
Scaptomyza	Elmomyza			Scaptomyza	ostensa	Hardy	1977:02:00	
Scaptomyza	Elmomyza			Scaptomyza	paralobae	Hardy	1977:05:00	
Scaptomyza	Elmomyza			Scaptomyza	penicula	Hardy	1977:07:00	
Scaptomyza	Elmomyza			Scaptomyza	photophilia	Hardy	1977:08:00	
Scaptomyza	Elmomyza			Scaptomyza	phryxothrix	Hardy	1977:10:00	
Scaptomyza	Elmomyza			Scaptomyza	protensa	Hardy	1977:11:00	
Scaptomyza	Elmomyza			Scaptomyza	punctivena	Hardy	1977:13:00	
Scaptomyza	Elmomyza			Scaptomyza	quadridentata	Hardy	1977:17:00	
Scaptomyza	Elmomyza			Scaptomyza	recava	Hardy	1977:18:00	
Scaptomyza	Elmomyza			Scaptomyza	recta	Hardy	1977:20:00	
Scaptomyza	Elmomyza			Scaptomyza	retusa	Hardy	1977:22:00	
Scaptomyza	Elmomyza			Scaptomyza	robusta	Hardy	1977:22:00	
Scaptomyza	Elmomyza			Scaptomyza	rostrata	Hardy	1977:25:00	
Scaptomyza	Elmomyza			Scaptomyza	rotundiloba	Hardy	1977:26:00	
Scaptomyza	Elmomyza			Scaptomyza	scoliops	Hardy	1977:28:00	
Scaptomyza	Elmomyza			Scaptomyza	scoloplichas	Hardy	1977:30:00	
Scaptomyza	Elmomyza			Scaptomyza	setiger	Hardy	1977:31:00	
Scaptomyza	Elmomyza			Scaptomyza	setosiloba	Hardy	1977:33:00	
Scaptomyza	Elmomyza			Scaptomyza	silvicola	Hardy	1977:34:00	
Scaptomyza	Elmomyza			Scaptomyza	spilota	Hardy	1977:36:00	
Scaptomyza	Elmomyza			Scaptomyza	tenuata	Hardy	1977:37:00	
Scaptomyza	Elmomyza			Scaptomyza	trivittata	Hardy	1977:39:00	
Scaptomyza	Elmomyza			Scaptomyza	tumidula	Hardy	1977:41:00	
Scaptomyza	Elmomyza			Scaptomyza	uliginosa	Hardy	1977:43:00	
Scaptomyza	Elmomyza			Scaptomyza	umbrosa	Hardy	1977:45:00	
Scaptomyza	Elmomyza			Scaptomyza	univitta	Hardy	1977:46:00	
Scaptomyza	Elmomyza			Scaptomyza	vagabunda	Hardy	1977:48:00	
Scaptomyza	Elmomyza			Scaptomyza	varia	Hardy	1977:49:00	
Scaptomyza	Elmomyza			Scaptomyza	villosa	Hardy	1977:50:00	
Scaptomyza	Elmomyza			Scaptomyza	waialealeae	Hardy	1977:52:00	
Scaptomyza	Elmomyza			Scaptomyza	platyrhina	Hardy	1969:58:00	
Scaptomyza	Engiscaptomyza			Scaptomyza	nasalis	Grimshaw	1902:06:00	
Scaptomyza	Engiscaptomyza			Scaptomyza	crassifemur	Grimshaw	1902:06:00	[Type of subgenus]
Scaptomyza	Engiscaptomyza			Scaptomyza	lonchoptera	Hardy	1970:45:00	
Scaptomyza	Engiscaptomyza			Scaptomyza	reducta	Hardy	1972:25:00	
Scaptomyza	Engiscaptomyza			Scaptomyza	amplilobus	Hardy	1969:17:00	
Scaptomyza	Engiscaptomyza			Scaptomyza	inflatus	Kaneshiro	1970:20:00	
Scaptomyza	Euscaptomyza			Scaptomyza	chylizosoma	Séguy	1943:47:00	[Type of subgenus]
Scaptomyza	Euscaptomyza			Scaptomyza	deemingi	Tsacas	1977:48:00	
Scaptomyza	Euscaptomyza			Scaptomyza	kilembea	Tsacas	1977:51:00	
Scaptomyza	Exalloscaptomyza			Scaptomyza	mauiensis	Grimshaw	1902:07:00	[Type of subgenus]
Scaptomyza	Exalloscaptomyza			Scaptomyza	throckmortoni	Hardy	1966:	
Scaptomyza	Exalloscaptomyza			Scaptomyza	caliginosa	Hardy	1969:53:00	
Scaptomyza	Exalloscaptomyza			Scaptomyza	deludens	Hardy	1969:54:00	
Scaptomyza	Exalloscaptomyza			Scaptomyza	molokaiensis	Hardy	1969:56:00	
Scaptomyza	Exalloscaptomyza			Scaptomyza	oahuensis	Hardy	1969:56:00	
Scaptomyza	Grimshawomyia			Scaptomyza	undulata	Grimshaw	1901:58:00	
Scaptomyza	Grimshawomyia			Scaptomyza	perkinsi	Grimshaw	1901:59:00	[Type of subgenus]
Scaptomyza	Grimshawomyia			Scaptomyza	palata	Hardy	1973:56:00	
Scaptomyza	Hemiscaptomyza			Scaptomyza	terminalis	Loew	1863a: 32	
Scaptomyza	Hemiscaptomyza			Scaptomyza	apicata	Thomson	1878:57:00	
Scaptomyza	Hemiscaptomyza			Scaptomyza	unipunctum	Zetterstedt	1889:13:00	[Type of subgenus]
Scaptomyza	Hemiscaptomyza			Scaptomyza	maculifera	Becker	1923:30:00	
Scaptomyza	Hemiscaptomyza			Scaptomyza	trochanterata	collin	1955:30:00	
Scaptomyza	Hemiscaptomyza			Scaptomyza	hsui	Hackman	1956:28:00	
Scaptomyza	Hemiscaptomyza			Scaptomyza	okadai	Hackman	1959:58:00	
Scaptomyza	Hemiscaptomyza			Scaptomyza	hennigi	Hackman	1960:00:00	
Scaptomyza	Hemiscaptomyza			Scaptomyza	apicipuncta	Malloch	1941:31:00	
Scaptomyza	Hemiscaptomyza			Scaptomyza	carinata	Okada	1973b: 274	
Scaptomyza	Hemiscaptomyza			Scaptomyza	longipennis	Séguy	1943:49:00	
Scaptomyza	Hemiscaptomyza			Scaptomyza	taigensis	Sidorenko & Toda, in Toda etal.	2003:40:00	
Scaptomyza	Hemiscaptomyza			Scaptomyza	malada	Wheeler & Takada	1967:00:00	
Scaptomyza	Hemiscaptomyza			Scaptomyza	hirsuta	Wheeler	1951:46:00	
Scaptomyza	Hemiscaptomyza			Scaptomyza	bipunctipennis	Wheeler	1955:26:00	
Scaptomyza	Lauxanomyza			Scaptomyza	horaeoptera	Tsacas & cogan	1977:31:00	[Type of subgenus]
Scaptomyza	Macroscaptomyza			Scaptomyza	helvola	Frey	1954:30:00	
Scaptomyza	Macroscaptomyza			Scaptomyza	remota	Walker	1867:31:00	[Type of subgenus]
Scaptomyza	Mesoscaptomyza			Scaptomyza	vittata	coquillett,inJohnson & coquillett	1900:18:00	
Scaptomyza	Mesoscaptomyza			Scaptomyza	pseudovittata	Brncic	1959:06:00	
Scaptomyza	Mesoscaptomyza			Scaptomyza	wheeleri	Hackman	1959:49:00	[Type of subgenus]
Scaptomyza	Mesoscaptomyza			Scaptomyza	subvittata	Hackman	1959:50:00	
Scaptomyza	Mesoscaptomyza			Scaptomyza	nigripalpis	Malloch	1924:10:00	
Scaptomyza	Mesoscaptomyza			Scaptomyza	fuscinervis	Malloch	1924:11:00	
Scaptomyza	Mesoscaptomyza			Scaptomyza	bogotae	Wheeler & Takada	1967:04:00	
Scaptomyza	Mesoscaptomyza			Scaptomyza	coquilletti	Wheeler & Takada	1967:04:00	
Scaptomyza	Mesoscaptomyza			Scaptomyza	dankoi	Wheeler & Takada	1967:06:00	
Scaptomyza	Mesoscaptomyza			Scaptomyza	nigricosta	Wheeler & Takada	1967:08:00	
Scaptomyza	Mesoscaptomyza			Scaptomyza	personata	Wheeler & Takada	1967:08:00	
Scaptomyza	Mesoscaptomyza			Scaptomyza	pleurolineata	Wheeler & Takada	1967:10:00	
Scaptomyza	Mesoscaptomyza			Scaptomyza	salvadorae	Wheeler & Takada	1967:10:00	
Scaptomyza	Mesoscaptomyza			Scaptomyza	samurai	Wheeler & Takada	1967:11:00	
Scaptomyza	Mesoscaptomyza			Scaptomyza	setosa	Wheeler & Takada	1967:12:00	
Scaptomyza	Mesoscaptomyza			Scaptomyza	striaticeps	Wheeler & Takada	1967:12:00	
Scaptomyza	Mesoscaptomyza			Scaptomyza	paravittata	Wheeler	1955:20:00	
Scaptomyza	Metascaptomyza			Scaptomyza	cochleata	Burla	1957:45:00	[Type of subgenus]
Scaptomyza	Metascaptomyza			Scaptomyza	dorsalis	Séguy	1943:48:00	
Scaptomyza	Metascaptomyza			Scaptomyza	pygaea	Tsacas	1992:27:00	
Scaptomyza	Parascaptomyza			Scaptomyza	impunctata	Frey	1946:10:00	
Scaptomyza	Parascaptomyza			Scaptomyza	horrida	Frey	1954:22:00	
Scaptomyza	Parascaptomyza			Scaptomyza	pectinifera	Frey	1954:24:00	
Scaptomyza	Parascaptomyza			Scaptomyza	incerta	Frey	1954:25:00	
Scaptomyza	Parascaptomyza			Scaptomyza	angustipennis	Frey	1954:26:00	
Scaptomyza	Parascaptomyza			Scaptomyza	frustulifera	Frey	1954:31:00	
Scaptomyza	Parascaptomyza			Scaptomyza	adusta	Loew	1865:51:00	
Scaptomyza	Parascaptomyza			Scaptomyza	pallida	Zetterstedt	1889:51:00	[Type of subgenus]
Scaptomyza	Parascaptomyza			Scaptomyza	substrigata	de Meijere	1918:28:00	
Scaptomyza	Parascaptomyza			Scaptomyza	freyi	Hackman	1959:43:00	
Scaptomyza	Parascaptomyza			Scaptomyza	picifemorata	Hackman	1959:45:00	
Scaptomyza	Parascaptomyza			Scaptomyza	taiwanica	Lin & Ting	1971:22:00	
Scaptomyza	Parascaptomyza			Scaptomyza	latifrons	Malloch	1935:41:00	
Scaptomyza	Parascaptomyza			Scaptomyza	mumfordi	Malloch	1933:22:00	
Scaptomyza	Parascaptomyza			Scaptomyza	quadriseriata	Malloch	1937:14:00	
Scaptomyza	Parascaptomyza			Scaptomyza	exilis	McEvey	1990:59:00	
Scaptomyza	Parascaptomyza			Scaptomyza	spinipalpis	Séguy	1934:11:00	
Scaptomyza	Parascaptomyza			Scaptomyza	elmoi	Takada	1972:24:00	
Scaptomyza	Parascaptomyza			Scaptomyza	himalayana	Takada	1972:26:00	
Scaptomyza	Parascaptomyza			Scaptomyza	oxyphallus	Tsacas	1992:28:00	
Scaptomyza	Parascaptomyza			Scaptomyza	santacruzi	Val, in Carson et al.	1987:03:00	
Scaptomyza	Parascaptomyza			Scaptomyza	clavifera	Wheeler & Takada	1967:14:00	
Scaptomyza	Parascaptomyza			Scaptomyza	macroptera	Wheeler & Takada	1967:15:00	
Scaptomyza	Parascaptomyza			Scaptomyza	paradusta	Wheeler	1955:18:00	
Scaptomyza	Rosenwaldia			Scaptomyza	kaavae	Malloch	1937:15:00	[Type of subgenus]
Scaptomyza	Rosenwaldia			Scaptomyza	aloha	Hackman	1959:35:00	
Scaptomyza	Rosenwaldia			Scaptomyza	mediopallens	Hackman	1959:35:00	
Scaptomyza	Rosenwaldia			Scaptomyza	mitchelli	Hackman	1959:36:00	
Scaptomyza	Rosenwaldia			Scaptomyza	striatifrons	Hackman	1959:36:00	
Scaptomyza	Rosenwaldia			Scaptomyza	abrupta	Hackman	1959:37:00	
Scaptomyza	Rosenwaldia			Scaptomyza	finitima	Hardy	1975:12:00	
Scaptomyza	Scaptomyza			Scaptomyza	subsplendens	duda	1935:10:00	
Scaptomyza	Scaptomyza			Scaptomyza	flava	Fallén	1823: 7	
Scaptomyza	Scaptomyza			Scaptomyza	graminum	Fallén	1823: 8	[Type of subgenus]
Scaptomyza	Scaptomyza			Scaptomyza	griseola	Zetterstedt	1889:42:00	
Scaptomyza	Scaptomyza			Scaptomyza	noei	Brncic	1959:05:00	
Scaptomyza	Scaptomyza			Scaptomyza	consimilis	Hackman	1956:22:00	
Scaptomyza	Scaptomyza			Scaptomyza	teinoptera	Hackman	1956:22:00	
Scaptomyza	Scaptomyza			Scaptomyza	atlantica	Hackman	1956:29:00	
Scaptomyza	Scaptomyza			Scaptomyza	atahulapa	Hackman	1959:59:00	
Scaptomyza	Scaptomyza			Scaptomyza	flaviventris	Hackman	1960:03:00	
Scaptomyza	Scaptomyza			Scaptomyza	grahmi	Hackman	1960:04:00	
Scaptomyza	Scaptomyza			Scaptomyza	sub	iana Wheeler & Takada	1966:50:00	
Scaptomyza	Scaptomyza			Scaptomyza	choi	Kang, Lee, & Bahng	1965:51:00	
Scaptomyza	Scaptomyza			Scaptomyza	tistai	Kumar & Gupta	1992:48:00	
Scaptomyza	Scaptomyza			Scaptomyza	sinica	Lin & Ting	1971:24:00	
Scaptomyza	Scaptomyza			Scaptomyza	mateolata	McEvey	1990:53:00	
Scaptomyza	Scaptomyza			Scaptomyza	merina	McEvey	1990:56:00	
Scaptomyza	Scaptomyza			Scaptomyza	acuta	Nishiharu	1979:41:00	
Scaptomyza	Scaptomyza			Scaptomyza	polygonia	Okada	1957:14:00	
Scaptomyza	Scaptomyza			Scaptomyza	parasplendens	Okada	1966:59:00	
Scaptomyza	Scaptomyza			Scaptomyza	melanissima	Okada	1967:02:00	
Scaptomyza	Scaptomyza			Scaptomyza	silvata	Okada	1967:03:00	
Scaptomyza	Scaptomyza			Scaptomyza	clavata	Okada	1973c: 435	
Scaptomyza	Scaptomyza			Scaptomyza	yakutica	Sidorenko & Toda in Toda etal.	2003:42:00	
Scaptomyza	Scaptomyza			Scaptomyza	baechlii	Sidorenko	2000:42:00	
Scaptomyza	Scaptomyza			Scaptomyza	sichuanica	Sidorenko	1995: 2	
Scaptomyza	Scaptomyza			Scaptomyza	quadruangulata	Singh & dash	1995:18:00	
Scaptomyza	Scaptomyza			Scaptomyza	amplialata	Takada, Beppu, & Toda	1980:55:00	
Scaptomyza	Scaptomyza			Scaptomyza	santahelenica	Tsacas & cogan	1977:26:00	
Scaptomyza	Scaptomyza			Scaptomyza	mimitantalia	Tsacas & cogan	1977:29:00	
Scaptomyza	Scaptomyza			Scaptomyza	andiana	Wheeler & Takada	1966:43:00	
Scaptomyza	Scaptomyza			Scaptomyza	heedi	Wheeler & Takada	1966:46:00	
Scaptomyza	Scaptomyza			Scaptomyza	neoandina	Wheeler & Takada	1966:48:00	
Scaptomyza	Scaptomyza			Scaptomyza	parandina	Wheeler & Takada	1966:50:00	
Scaptomyza	Scaptomyza			Scaptomyza	montana	Wheeler	1951:46:00	
Scaptomyza	Scaptomyza			Scaptomyza	nigrocella	Wheeler	1951:47:00	
Scaptomyza	Scaptomyza			Scaptomyza	nigrita	Wheeler	1955:25:00	
Scaptomyza	Tantalia			Scaptomyza	albovittata	Malloch	1938:53:00	[Type of subgenus]
Scaptomyza	Tantalia			Scaptomyza	brunnimaculata	Hardy	1975:20:00	
Scaptomyza	Tantalia			Scaptomyza	flavida	Hardy	1975:22:00	
Scaptomyza	Tantalia			Scaptomyza	gilvivirilia	Hardy	1975:24:00	
Scaptomyza	Tantalia			Scaptomyza	nigrosignata	Hardy	1975:25:00	
Scaptomyza	Tantalia			Scaptomyza	varipicta	Hardy	1975:27:00	
Scaptomyza	Titanochaeta			Scaptomyza	canuta	Hardy	1968:20:00	
Scaptomyza	Titanochaeta			Scaptomyza	chauliodon	Hardy	1977:58:00	
Scaptomyza	Titanochaeta			Scaptomyza	glauca	Hardy	1978:02:00	
Scaptomyza	Titanochaeta			Scaptomyza	setosiscutellum	Hardy	1978:08:00	
Scaptomyza	Titanochaeta			Scaptomyza	vittiger	Hardy	1978:13:00	
Scaptomyza	Titanochaeta			Scaptomyza	contestata	Hardy	1970:00:00	
Scaptomyza	Titanochaeta			Scaptomyza	ichneumon	Knab	1916:48:00	[Type of subgenus]
Scaptomyza	Titanochaeta			Scaptomyza	sweyzei	Wirth	1958:55:00	
Scaptomyza	Titanochaeta			Scaptomyza	bryani	Wirth	1958:57:00	
Scaptomyza	Titanochaeta			Scaptomyza	neoevexa	O’Grady, Bonacum, deSalle, & Val	2003:12:00	
Scaptomyza	Titanochaeta			Scaptomyza	neokauaiensis	O’Grady, Bonacum, deSalle, & Val	2003:12:00	
Scaptomyza	Titanochaeta			Scaptomyza	neosilvicola	O’Grady, Bonacum, deSalle, & Val	2003:12:00	
Scaptomyza	Trogloscaptomyza			Scaptomyza	brevilamellata	Frey	1954:21:00	[Type of subgenus]
Scaptomyza	Unplaced Scaptomyza species			Scaptomyza	parva	Grimshaw	1902:05:00	
Scaptomyza	Unplaced Scaptomyza species			Scaptomyza	improcera	Hardy	1970:17:00	
Scaptomyza	Unplaced Scaptomyza species			Scaptomyza	magnipalpa	Hardy	1970:52:00	
Scaptomyza	Unplaced Scaptomyza species			Scaptomyza	prolixa	Hardy	1972:10:00	
Scaptomyza	Unplaced Scaptomyza species			Scaptomyza	taractica	Hardy	1972:59:00	
Scaptomyza	Unplaced Scaptomyza species			Scaptomyza	totonigra	Hardy	1973:06:00	
Scaptomyza	Unplaced Scaptomyza species			Scaptomyza	vinnula	Hardy	1973:30:00	
Scaptomyza	Unplaced Scaptomyza species			Scaptomyza	gracilis	Walker	1856:59:00	
Scaptomyza	Unplaced Scaptomyza species			Scaptomyza	biseta	Malloch	1935:42:00	
Scaptomyza	Unplaced Scaptomyza species			Scaptomyza	ruficornis	Meigen	1844:15:00	
Scaptomyza	Unplaced Scaptomyza species			Scaptomyza	spiculipennis	Takada & Momma	1975:33:00	
Unplaced Hawaiian Drosophila species				Drosophila	molokaiensis	Grimshaw	1902:07:00	
Unplaced Hawaiian Drosophila species				Drosophila	plumosa	Grimshaw	1902:12:00	
Unplaced Hawaiian Drosophila species				Drosophila	abjuncta	Hardy	1967:10:00	
Unplaced Hawaiian Drosophila species				Drosophila	confutata	Hardy	1968:41:00	
Unplaced Hawaiian Drosophila species				Drosophila	incompleta	Hardy	1970:20:00	
Unplaced Hawaiian Drosophila species				Drosophila	joycei	Hardy	1970:32:00	
Unplaced Hawaiian Drosophila species				Drosophila	mimiconfutata	Hardy	1971:09:00	
Unplaced Hawaiian Drosophila species				Drosophila	musae	Hardy	1971:13:00	
Unplaced Hawaiian Drosophila species				Drosophila	nigripalpus	Hardy	1971:29:00	
Unplaced Hawaiian Drosophila species				Drosophila	varga	Hardy	1973:16:00	
Unplaced Hawaiian Drosophila species				Drosophila	achyla	Hardy	1969:15:00	