new_group	new_subgroup	genus	species	describer	island
adiastola	adiastola	Drosophila	adiastola	Hardy, 1965	Maui, Lanai
adiastola	adiastola	Drosophila	cilifera	Hardy and Kaneshiro, 1968	Molokai
adiastola	adiastola	Drosophila	ochrobasis	Hardy and Kaneshiro, 1968	Hawaii
adiastola	adiastola	Drosophila	ornata	Hardy & Kaneshiro, 1969	Kauai
adiastola	adiastola	Drosophila	peniculipedis	Hardy, 1965	Maui
adiastola	adiastola	Drosophila	setosimentum	Hardy and Kaneshiro, 1968	Hawaii
adiastola	adiastola	Drosophila	touchardiae	Hardy & Kaneshiro, 1972	Oahu
adiastola	adiastola	Drosophila	toxochaeta	Perreira & Kaneshiro, 1990	Molokai
adiastola	clavisetae	Drosophila	clavisetae	(Hardy, 1966)	Maui
adiastola	clavisetae	Drosophila	neoclavisetae	Perreira & Kaneshiro, 1990	Maui
adiastola	clavisetae	Drosophila	neogrimshawi	Hardy and Kaneshiro, 1968	Oahu
adiastola	clavisetae	Drosophila	spectabilis	Hardy, 1965	Maui, Molokai, Lanai
adiastola	truncipenna	Drosophila	hamifera	Hardy and Kaneshiro, 1968	Maui
adiastola	truncipenna	Drosophila	paenehamifera	Hardy & Kaneshiro, 1969	Maui
adiastola	truncipenna	Drosophila	truncipenna	Hardy, 1965	Maui
adiastola	truncipenna	Drosophila	varipennis	(Grimshaw, 1901)	Molokai
adiastola	truncipenna	Drosophila	nr. truncipenna		Oahu
grimshawi	aglaia	Drosophila	aglaia	Hardy, 1965	Oahu
grimshawi	aglaia	Drosophila	alsophila	Hardy & Kaneshiro, 1971	Hawaii
grimshawi	aglaia	Drosophila	conspicua	Grimshaw, 1901	Hawaii
grimshawi	aglaia	Drosophila	kikiko	Magnacca, 2012	Kauai
grimshawi	aglaia	Drosophila	kinoole	Magnacca, 2012	Oahu
grimshawi	aglaia	Drosophila	nr. alsophila		Maui
grimshawi	crucigera	Drosophila	affinidisjuncta	Hardy, 1978	Maui
grimshawi	crucigera	Drosophila	balioptera	Hardy, 1965	Maui, Molokai
grimshawi	crucigera	Drosophila	bostrycha	Hardy, 1965	Molokai
grimshawi	crucigera	Drosophila	craddockae	Kambysellis & Kaneshiro, 1999	Oahu, Kauai
grimshawi	crucigera	Drosophila	crucigera	Grimshaw, 1902	Oahu, Kauai
grimshawi	crucigera	Drosophila	disjuncta	Hardy, 1965	Maui
grimshawi	crucigera	Drosophila	grimshawi	Oldenberg, 1914	Maui, Molokai, Lanai
grimshawi	crucigera	Drosophila	pullipes	Hardy & Kaneshiro, 1972	Hawaii
grimshawi	discreta	Drosophila	discreta	Hardy and Kaneshiro, 1968	Maui
grimshawi	discreta	Drosophila	fasciculisetae	Hardy, 1965	Maui, Molokai
grimshawi	discreta	Drosophila	glabriapex	Hardy and Kaneshiro, 1968	Kauai
grimshawi	discreta	Drosophila	lineosetae	Hardy and Kaneshiro, 1968	Maui
grimshawi	discreta	Drosophila	pilimana	Grimshaw, 1901	Oahu
grimshawi	distinguenda	Drosophila	distinguenda	Hardy, 1965	Oahu
grimshawi	distinguenda	Drosophila	divaricata	Hardy & Kaneshiro, 1971	Oahu
grimshawi	distinguenda	Drosophila	inedita	Hardy, 1965	Oahu
grimshawi	hawaiiensis	Drosophila	flexipes	Hardy and Kaneshiro, 1968	Oahu
grimshawi	hawaiiensis	Drosophila	formella	Hardy & Kaneshiro, 1972	Hawaii
grimshawi	hawaiiensis	Drosophila	gradata	Hardy and Kaneshiro, 1968	Oahu
grimshawi	hawaiiensis	Drosophila	gymnobasis	Hardy & Kaneshiro, 1971	Maui
grimshawi	hawaiiensis	Drosophila	hawaiiensis	Grimshaw, 1901	Hawaii
grimshawi	hawaiiensis	Drosophila	heedi	Hardy & Kaneshiro, 1971	Hawaii
grimshawi	hawaiiensis	Drosophila	hirtipalpus	Hardy and Kaneshiro, 1968	Maui
grimshawi	hawaiiensis	Drosophila	lasiopoda	Hardy & Kaneshiro, 1975	Maui
grimshawi	hawaiiensis	Drosophila	musaphilia	Hardy, 1965	Kauai
grimshawi	hawaiiensis	Drosophila	nukea	Magnacca, 2012	Molokai
grimshawi	hawaiiensis	Drosophila	psilotarsalis	Hardy & Kaneshiro, 1975	Hawaii
grimshawi	hawaiiensis	Drosophila	recticilia	Hardy and Kaneshiro, 1968	Maui
grimshawi	hawaiiensis	Drosophila	silvarentis	Hardy and Kaneshiro, 1968	Hawaii
grimshawi	hawaiiensis	Drosophila	turbata	Hardy & Kaneshiro, 1969	Oahu
grimshawi	hawaiiensis	Drosophila	villitibia	Hardy, 1965	Molokai
grimshawi	lanaiensis	Drosophila	digressa	Hardy and Kaneshiro, 1968	Hawaii
grimshawi	lanaiensis	Drosophila	hexachaetae	Hardy, 1965	Oahu
grimshawi	lanaiensis	Drosophila	lanaiensis	Grimshaw, 1901	Maui, Molokai, Lanai
grimshawi	lanaiensis	Drosophila	moli	Magnacca, 2012	Oahu
grimshawi	lanaiensis	Drosophila	tarphytrichia	Hardy, 1965	Oahu
grimshawi	macrothrix	Drosophila	macrothrix	Hardy and Kaneshiro, 1968	Hawaii
grimshawi	macrothrix	Drosophila	oreas	Hardy, 1965	Maui
grimshawi	micromyia	Drosophila	micromyia	Hardy & Kaneshiro, 1975	Kauai
grimshawi	odontophallus	Drosophila	gymnophallus	Hardy & Kaneshiro, 1975	Oahu
grimshawi	micromyia	Drosophila	liophallus	Hardy and Kaneshiro, 1968	Maui, Molokai
grimshawi	micromyia	Drosophila	odontophallus	Hardy and Kaneshiro, 1968	Maui, Molokai
grimshawi	micromyia	Drosophila	psilophallus	Hardy & Kaneshiro, 1971	Oahu
grimshawi	micromyia	Drosophila	spaniothrix	Hardy and Kaneshiro, 1968	Oahu
grimshawi	orphnopeza	Drosophila	atrimentum	Hardy & Kaneshiro, 1971	Oahu
grimshawi	orphnopeza	Drosophila	ciliaticrus	Hardy, 1965	Hawaii
grimshawi	orphnopeza	Drosophila	claytonae	Hardy & Kaneshiro, 1969	Hawaii
grimshawi	orphnopeza	Drosophila	engyochracea	Hardy, 1965	Hawaii
grimshawi	orphnopeza	Drosophila	limitata	Hardy and Kaneshiro, 1968	Maui, Molokai, Lanai
grimshawi	orphnopeza	Drosophila	murphyi	Hardy & Kaneshiro, 1969	Hawaii
grimshawi	orphnopeza	Drosophila	obatai	Hardy & Kaneshiro, 1972	Oahu
grimshawi	orphnopeza	Drosophila	ochracea	Grimshaw, 1901	Hawaii
grimshawi	orphnopeza	Drosophila	orphnopeza	Hardy and Kaneshiro, 1968	Maui, Molokai
grimshawi	orphnopeza	Drosophila	orthofascia	Hardy and Kaneshiro, 1968	Maui, Molokai, Lanai
grimshawi	orphnopeza	Drosophila	reynoldsiae	Hardy & Kaneshiro, 1972	Oahu
grimshawi	orphnopeza	Drosophila	sejuncta	Hardy and Kaneshiro, 1968	Kauai
grimshawi	orphnopeza	Drosophila	sobrina	Hardy & Kaneshiro, 1971	Oahu
grimshawi	orphnopeza	Drosophila	sodomae	Hardy and Kaneshiro, 1968	Maui, Molokai
grimshawi	orphnopeza	Drosophila	sproati	Hardy and Kaneshiro, 1968	Hawaii
grimshawi	orphnopeza	Drosophila	villosipedis	Hardy, 1965	Kauai
grimshawi	punalua	Drosophila	basisetae	Hardy and Kaneshiro, 1968	Hawaii
grimshawi	punalua	Drosophila	ocellata	Hardy & Kaneshiro, 1969	Kauai
grimshawi	punalua	Drosophila	paucicilia	Hardy & Kaneshiro, 1971	Oahu
grimshawi	punalua	Drosophila	paucipuncta	Grimshaw, 1901	Hawaii
grimshawi	punalua	Drosophila	prolaticilia	Hardy, 1965	Hawaii
grimshawi	punalua	Drosophila	prostopalpis	Hardy and Kaneshiro, 1968	Maui
grimshawi	punalua	Drosophila	punalua	Bryan, 1934	Oahu
grimshawi	punalua	Drosophila	uniseriata	Hardy and Kaneshiro, 1968	Oahu
grimshawi	vesciseta	Drosophila	ambochila	Hardy & Kaneshiro, 1971	Oahu
grimshawi	vesciseta	Drosophila	assita	Hardy & Kaneshiro, 1969	Hawaii
grimshawi	vesciseta	Drosophila	montgomeryi	Hardy & Kaneshiro, 1971	Oahu
grimshawi	vesciseta	Drosophila	opuhe	Magnacca, 2012	Kauai
grimshawi	vesciseta	Drosophila	pihulu	Magnacca, 2012	Maui, Molokai
grimshawi	vesciseta	Drosophila	pisonia	Hardy & Kaneshiro, 1971	Hawaii
grimshawi	vesciseta	Drosophila	vesciseta	Hardy and Kaneshiro, 1968	Maui
grimshawi	Unplaced	Drosophila	mulli	Perreira & Kaneshiro, 1990	Hawaii
grimshawi	Unplaced	Drosophila	pilatisetae	Hardy and Kaneshiro, 1968	Maui
nudidrosophila	ateledrosophila	Drosophila	diamphidia	(Hardy, 1965)	Hawaii
nudidrosophila	nudidrosophila	Drosophila	papala	Magnacca & O’Grady, 2007	Hawaii
nudidrosophila	nudidrosophila	Drosophila	preapicula	(Hardy, 1965)	Oahu
nudidrosophila	hirtitibia	Drosophila	hirtitibia	Hardy, 1965	Oahu
nudidrosophila	hirtitibia	Drosophila	konaensis	Magnacca & O’Grady, 2008	Hawaii
nudidrosophila	hirtitibia	Drosophila	mawaena	Magnacca & O’Grady, 2008	Maui, Molokai, Lanai
nudidrosophila	hirtitibia	Drosophila	papaalai	Magnacca & O’Grady, 2008	Kauai
nudidrosophila	kahania	Drosophila	kahania	Magnacca & O’Grady, 2008	Oahu
nudidrosophila	kahania	Drosophila	longipalpus	Magnacca & O’Grady, 2008	Hawaii
nudidrosophila	nudidrosophila	Drosophila	aenicta	(Hardy, 1966)	Oahu
nudidrosophila	nudidrosophila	Drosophila	amita	(Hardy, 1965)	Hawaii
nudidrosophila	nudidrosophila	Drosophila	canavalia	Magnacca & O’Grady, 2008	Hawaii
nudidrosophila	nudidrosophila	Drosophila	eximia	(Hardy, 1965)	Maui, Molokai
nudidrosophila	nudidrosophila	Drosophila	gemmula	(Hardy, 1965)	Oahu
nudidrosophila	nudidrosophila	Drosophila	kualapa	Magnacca & O’Grady, 2008	Kauai
nudidrosophila	nudidrosophila	Drosophila	lepidobregma	(Hardy, 1965)	Hawaii
nudidrosophila	nudidrosophila	Drosophila	mahui	Magnacca & O’Grady, 2008	Hawaii
nudidrosophila	nudidrosophila	Drosophila	malele	Magnacca & O’Grady, 2008	Kauai
nudidrosophila	nudidrosophila	Drosophila	panoanoa	Magnacca & O’Grady, 2008	Hawaii
nudidrosophila	nudidrosophila	Drosophila	poonia	Magnacca & O’Grady, 2008	Kauai
nudidrosophila	okala	Drosophila	akoko	Magnacca & O’Grady, 2008	Oahu
nudidrosophila	okala	Drosophila	kuhao	Magnacca & O’Grady, 2008	Oahu
nudidrosophila	okala	Drosophila	makawao	Magnacca & O’Grady, 2008	Maui, Molokai
nudidrosophila	okala	Drosophila	okala	Magnacca & O’Grady, 2008	Hawaii
nudidrosophila	okala	Drosophila	panina	Magnacca & O’Grady, 2008	Oahu
nudidrosophila	velata	Drosophila	halapepe	Magnacca & O’Grady, 2008	Hawaii
nudidrosophila	velata	Drosophila	kauaiensis	Magnacca & O’Grady, 2008	Kauai
nudidrosophila	velata	Drosophila	lauoho	Magnacca & O’Grady, 2008	Maui, Molokai
nudidrosophila	velata	Drosophila	milolii	Magnacca & O’Grady, 2008	Kauai
nudidrosophila	velata	Drosophila	pohaka	Magnacca & O’Grady, 2008	Hawaii, Maui
nudidrosophila	velata	Drosophila	velata	Hardy, 1965	Oahu
picticornis	picticornis	Drosophila	picticornis	Grimshaw, 1901	Kauai
picticornis	picticornis	Drosophila	pilipa	Magnacca, 2012	Kauai
picticornis	picticornis	Drosophila	setosifrons	Hardy and Kaneshiro, 1968	Hawaii
planitibia	anomalipes	Drosophila	anomalipes	Grimshaw, 1901	Kauai
planitibia	anomalipes	Drosophila	quasianomalipes	Hardy, 1965	Kauai
planitibia	cyrtoloma	Drosophila	cyrtoloma	Hardy, 1969	Maui
planitibia	cyrtoloma	Drosophila	hanaulae	Hardy, 1969	Maui
planitibia	cyrtoloma	Drosophila	ingens	Hardy & Kaneshiro, 1971	Maui
planitibia	cyrtoloma	Drosophila	melanocephala	(Hardy, 1966)	Maui
planitibia	cyrtoloma	Drosophila	neoperkinsi	Hardy and Kaneshiro, 1968	Molokai
planitibia	cyrtoloma	Drosophila	oahuensis	(Grimshaw, 1901)	Oahu
planitibia	cyrtoloma	Drosophila	obscuripes	(Grimshaw, 1901)	Maui
planitibia	neopicta	Drosophila	neopicta	Hardy and Kaneshiro, 1968	Maui, Molokai
planitibia	neopicta	Drosophila	nigribasis	Hardy, 1969	Oahu
planitibia	neopicta	Drosophila	substenoptera	Hardy, 1969	Oahu
planitibia	planitibia	Drosophila	differens	Hardy & Kaneshiro, 1975	Molokai
planitibia	planitibia	Drosophila	hemipeza	(Hardy, 1965)	Oahu
planitibia	planitibia	Drosophila	heteroneura	(Perkins, 1910)	Hawaii
planitibia	planitibia	Drosophila	planitibia	(Hardy, 1966)	Maui
planitibia	planitibia	Drosophila	silvestris	(Perkins, 1910)	Hawaii